{
    "num_sequences": 10,
    "seq_len": 100,
    "avg_latency_s": 0.014212465286254883,
    "avg_recall_proxy": -0.0074296299368143085
}